,reviewId,userName,userImage,content,score,thumbsUpCount,reviewCreatedVersion,at,replyContent,repliedAt
0,gp:AOqpTOEZ-RcGLc6nvSk7thkFnHO26LKlO9dh9qiFQvndhcw3Y3a2Yt5DXXaC1a06ot6R0Q3ROyzKfkxgDc1V,AX Quality Fabric,https://play-lh.googleusercontent.com/a-/AOh14GjADcXrzGDf2mRc2yw2a_2RzeCMLHcA6LntnbS0ig,Whenever I play it always back to home screen. Can fix it ? :(,1,0,,2014-06-18T23:50:00,,
1,gp:AOqpTOFZa6ujGuOLT3dgFuR1ARGFtbvExVEvoSe08b4Alf9sd_0851wkQpohNi4z5ZJgiBa2F5IRb5K5XN0a,Abhi,https://play-lh.googleusercontent.com/a-/AOh14Ggivj7xe6OqZwCUW-JQY3s4tznjcQaVxrqiAt2ZkZY,A good strategic game and easy to play,1,0,8.332.6,2016-06-04T23:35:10,,
2,gp:AOqpTOE_sgACKSc7Y22l0NU_MaoEGFnGkZsgiUs-XqEeluDw5MevjnH3QlYB3hey6piM8qwc-u_dt36Diiss,Seerah Stan,https://play-lh.googleusercontent.com/a-/AOh14GijDtAY_9PZEKVaiOJy1ut-Y3KYuoIkXIZu5tFKuwE,"My phone keep auto rotating when i opened coc even my phone was ""rotation locked"" , then my keyboard become half when i enter the chat,how am i supposed to type anything with a half keyboard ,please fix this i'm a one plus one user ðŸ˜­ðŸ˜­ðŸ˜­",1,0,7.156.10,2015-08-28T20:51:10,,
3,gp:AOqpTOEoSLSNT-aqvZgOW_8po7PwM_6TJw_a1vtbKcLaEDZ40RERWLMEhtlnY0PjpYYe-tgJAjb0bvdDsriz,Mike Thompson,https://play-lh.googleusercontent.com/a-/AOh14Gjv8teRdmQYmnw8wb_UJG-DvIehReTdMX6P0nS_EQ,You recover from the  th 11 update than cut clock tower time by 50% back to 1* for awhile the miner doesnt fit theme of the game should have been a dwarf instead of a 70s construction worker looking to bumb a smoke,1,50,9.105.4,2017-06-27T20:07:34,,
4,gp:AOqpTOFtUhlgnLN3zH_kEwKT2otq-nHIo5dwYSbPamOoqABqPdRIgmtUzyuuWmiGwDlNoiV3teo8bQOv9Ikt,Pete Smile,https://play-lh.googleusercontent.com/a-/AOh14GiEHKvEaW2l8BwebfWHX-FCTeeVnB4V6-WzPANc7w,"All they want is your money, get into the game and cannot go any further without forking out a lot of money",1,0,,2014-09-28T18:55:34,,
5,gp:AOqpTOGa2G3aPWZnbewhC5tqt8GMokwn7fE_L5RWmcPTjE7EmXOY5fsG1zTW91lZGv5li8Qpy8WWXJX0UCYj,Jiraya Joichiro,https://play-lh.googleusercontent.com/a-/AOh14GgnX09Ndm3cW2YxcYS1nhWDMobwRpYTZmtzWT8Y,"This sucksssssssss......I lost all my accounts of th10 and th9. I also sent these people atleast 6 messages regarding the global chat feature, they were least bothered. They have millions of downloads and have money. Maybe that's why they never bothered and deleted my accounts!",1,0,,2020-11-14T13:16:14,,
6,gp:AOqpTOGwJChYW0CktWN8nq2krILSbfrNBYIOFEYPnNGOk5pmEuBQOcLnR601jhRU3Opo4Olx8jPhLiy34SPX,A Google user,https://play-lh.googleusercontent.com/EGemoI2NTXmTsBVtJqk8jxF9rh8ApRWfsIMQSt2uE4OcpQqbFu7f7NbTK05lx80nuSijCz7sc3a277R67g,This game give lot of message,1,0,,2018-12-14T07:15:59,,
7,gp:AOqpTOEwJfni1TUoTqrbz8Si53fs7r24lmei1wBC8XblRmGgzXCbWTktzlOneDkb7ryyGzCZQikZj3bLmnNB,elizer santiago,https://play-lh.googleusercontent.com/a-/AOh14Ggrpm5vtsAECI1NFemmDrJ21OvD2YAe0Rk2m3Io,Kahit ano,1,0,10.322.27,2018-10-31T07:08:25,,
8,gp:AOqpTOGvDxt46h29xRNTP1q0IW_-zvQss7l5E7of2hd52C91Usm2mxdwfjJtMKmk6dvBjCc5LEOsgLoAMFKE,Isaac V,https://play-lh.googleusercontent.com/a-/AOh14GhFyXC66ViGMJXjL_JmefR0dTLki2CRJ_0EdO4ZQQ,Stupied game,1,0,,2015-11-08T06:06:50,,
9,gp:AOqpTOHmq86qJYF19IAePoLhE3uOXKrDTAQbkKTY4XBx8pfVG4ImaCgfTY5TNQXpP_EA_V1hN60nibcONeWX,Jade,https://play-lh.googleusercontent.com/a-/AOh14GiOavwfDxy09FZTSW4i78xB1HT0oxMMAAKwLFyMTA,"After the new update, the Lightning Spell max lvl 7, i cant change my account even i load my wifi higher amount. I really cant log in. I bought another pocket wifi . Still doesnt work, now i cannot log in my Th 7 account. Help me pls",1,0,7.200.13,2015-09-26T17:34:00,,
10,gp:AOqpTOFn9iktgblf04_1TPJhZYH5G5iZdU17rQAIGgZty2q9AxEoUORa3AOoHvD6eSLJN3QlRy6arKc_k03H,Saritha Kaluri,https://play-lh.googleusercontent.com/a/AATXAJz2wbv3IZuaUfXKcQWJ6vDFDaOnA_lxFjGL0wjj=mo,Update i dint like,1,0,8.709.23,2017-05-22T08:47:54,,
11,gp:AOqpTOEnbKhpv1mh4ur6c9mTjSQZbpRXCjPfGJ6D5RNxhjLBfYYWrCh7WFhRAgiXSxmNP0LTy7BEpCQuF22k,nanay helen,https://play-lh.googleusercontent.com/a-/AOh14Gg2EKe_tTCAL_MHUyAQc5jZW1GiQRlgpRdL4pQ-,Its won't let me play even when I press it and I waited almost a day wasting my time with the loading I'm playing in tablet,1,0,6.407.8,2015-01-26T04:48:08,,
12,gp:AOqpTOFOhziDq-vmnY8wv1R8YQetu-sLQzmy8PYMoxeM0wOmTvlIEh6F-VlHQHLR8L2gQj0cKtRFfzffmn8F,M M,https://play-lh.googleusercontent.com/a/AATXAJwZPHA1uDFT8NbpJaT1sghZspnF64jJGquXnOv_=mo,"ðŸ˜¡  ""Your personal break has been extended because you didn't get a shield the last time you went on break .""  So we have toÂ play for longer to get aheadÂ under Supercell's new way of playing. With larger armies for minimal loot bonus.  Instead you get kicked off earlier than usual, and then getÂ punishedÂ because theÂ new loot bonus sucksÂ and you're not worth getting attacked.  Makes sense, right?",1,2,8.67.3,2015-12-11T17:55:51,,
13,gp:AOqpTOHXLkBQ9fCKWXrH4YTGLQOmPzcWVxvt1gDqEFSJ8TLcJ7b99e7WJgL2GVvYHvKgsuFSrxUSL2Ahk-06,A Google user,https://play-lh.googleusercontent.com/EGemoI2NTXmTsBVtJqk8jxF9rh8ApRWfsIMQSt2uE4OcpQqbFu7f7NbTK05lx80nuSijCz7sc3a277R67g,Worst game...,1,0,,2017-11-13T03:00:09,,
14,gp:AOqpTOHYOtrrK5DVYNdZ-pLMLSeDCZnNByLVL3QvnV5ZA3lzr0LtZR4UydQORons9Hzs6huNXZcgCAow-AaK,kumbakonam westps,https://play-lh.googleusercontent.com/a-/AOh14GgYOz9Ecs2Jt-PBsoiut1PQCYWjuKv-6QXw8aWLLg,Like,1,0,9.105.4,2017-12-09T09:34:27,,
15,gp:AOqpTOFFUz8DGJezRUA1vZCzhSjg5bS-cPkouNRIKMWxeiyAvLU63hRcSscuFPk4ejE6GLBSwJLbjiRxgjCO,Daniel Pruitt,https://play-lh.googleusercontent.com/a/AATXAJz1oJmXsgitJ-RkmuctdxeHVu_8ctkOXoZxjM8i=mo,This was a very fun game. They changed the loot system and no you go nowhere fast..... change it back so you can actually make progress in the game!!!!!!!,1,0,5.113.2,2013-12-13T19:26:43,,
16,gp:AOqpTOFlCzR23rcl2gTdY-_MxVqlhMPr2Ai_SSg9UFRjrgVXMnEUFHmLhmfy-rLdivqUGjrKbh4Kq9bBFbSv,BABY YADAV,https://play-lh.googleusercontent.com/a-/AOh14Gh4mBcVdDOzEif2qKJdcB0wt07ptcHhOz3RnY3F6A,Boaring,1,0,,2018-06-03T05:54:01,,
17,gp:AOqpTOFm8v6fjvMH9lCwmsNYx-d8djnAru_A8wJeoAK4dVuk0zCHC_twjdLrRlqZSR2YiT_b09Sj73peX93Z,Nitesh Chaudhary,https://play-lh.googleusercontent.com/a-/AOh14Ggj96PEhQWWG5OLgvZFGtx2iqsshs2b6WuyBpaMgw,Don't nerf infernos.....this is the last reason I and my friends playing coc. Don't ruin the skills of the players. Please don't kill the game completely as it is almost dead already,1,2,9.434.3,2017-12-20T11:46:04,,
18,gp:AOqpTOGlOiiowoB51KBgix0VJgmdJHrSjgNTZzzW-on1B8_nPRayBlF3byzzMDDudlRGV2IJd_YqDG9lLVBF,Praneeth Kumar,https://play-lh.googleusercontent.com/a/AATXAJwSihYyi3iTAB1vpPDRHNUWfK6itarpdNAkD9Yk=mo,Super great,1,0,,2020-12-05T09:47:20,,
19,gp:AOqpTOEdjGFSXJ2NjbvczslnGdIvYaTAIKxUdN0iJm2taQL7ciLHIRYjs3_rbQmFtihecRbabRBVHlZQluZe,mitraprakash dash,https://play-lh.googleusercontent.com/a-/AOh14Gh1Q4qqjG58BQ6hIJo_YEYPKtV7LcVzhAAM5JTy,Good,1,0,9.24.1,2017-05-24T19:52:39,,
20,gp:AOqpTOFVFqxxWh7BfAWiVedoE1QMD6DoADoCkX-dcqO-1IgOUepmCpMYemH1IHOz50ub7peO7k3ensm9Dswz,diwakar timilsina,https://play-lh.googleusercontent.com/a-/AOh14Gi3btyPbo-uo98oH3WmLkFJqnyJ6smDYdAaEcqW-w,there is no flag of my country.....my country is nepal.....the country where there is highest mountain of the world.......how dare you to exclude our countrys flag.......,1,1,8.212.12,2016-05-21T01:51:14,,
21,gp:AOqpTOEg953bnx3pXEBO75y9PTobMsI1xg8Hfy-_70jQMtZu0v2LSo-S1vwpaizanztQ7w0Y3ipx9ZAHYqCX,Wei Hu,https://play-lh.googleusercontent.com/a-/AOh14GhK_Yy0g53JAXbBCYvPKQzXkdg_ng86fIgAVH0r,The match system sucks.  I was attacked by a guy 800 cups lower than me and I lost 36 cups with 58% damage. I can only get ~ 5 cups from each battle.,1,0,9.434.30,2018-02-26T03:29:25,,
22,gp:AOqpTOE2AsYbFoEyz7epG2u1ASr9Ho13sGiwhspBXfgCSBFtrEf29_cdAstpv4M2A7HuUk0zwurYfZ41m7MO,Hey Navarro,https://play-lh.googleusercontent.com/a-/AOh14Gg8DyS7Y6QwrQaeT7hRQobBnbyCM1b28YKaXuUv,Too lag for play,1,0,6.186.3,2014-08-06T02:26:05,,
23,gp:AOqpTOGNWyW_LmTIFBZNxP7FklKIsVm78BFJTYQh0Bk2l8W9CtNHEOf4kNchAdpqa73fIDy6YTLm4u8TjF6t,Zeaid Ghori,https://play-lh.googleusercontent.com/a-/AOh14GhlRM8OYmXUv810FfNS4NFYCQm-Qh1p5ZTJREcgng,Bad,1,0,8.709.23,2017-05-21T13:26:43,,
24,gp:AOqpTOGpB1rDjXLR6yvz6_xFFL60kEqVW0qp8AHxWMXCDaqZ4HInNYfi7mfSlu9Lw9XCuWdB-YqWLJel1yEH,Rayyan Mehmood,https://play-lh.googleusercontent.com/a/AATXAJzm12Ejp6P-3r3E1_9GlEfXYTKvRSzcPW12plqR=mo,I made a purchase of 6500 gems  my money is gone but I didn't got my gems,1,0,8.67.8,2015-12-22T02:04:29,,
25,gp:AOqpTOG_P2reaq_IPZBll73WXd6c8uGcONQWIPyfj1fcUkTvqTxAcBv6HDTwnDrG7NA0aDqbCPbZZ0X55CNa,Dayanand Singh,https://play-lh.googleusercontent.com/a/AATXAJzqYLjeaPNLmMyB6cqcXH8uKq7n0Fj5tXER7ydy=mo,Very bad game and time consuming,1,0,,2017-01-21T12:38:24,,
26,gp:AOqpTOGAcxbAtE4FccbyHpAgHQczddskBdAynVsm3UZG9CdJFHYnxL4FYajhhPrNhMhwLdLuB1sEZvdGPhqt,Richelle Pelere,https://play-lh.googleusercontent.com/a-/AOh14GgX9x-xjQIzcL6zo0PVGCPJ5kI5Dd3OmwAUnIVW8A,Everytime i click me th  it crashes the game,1,0,8.67.8,2015-12-20T09:07:47,,
27,gp:AOqpTOGpVN6Q-t5jsU5hEAWwCOxyV7kVDrk4NQoIiOwVbSTMEbc5GK-7CkfYgtJNy_S40qVib7eA-fOnDSCO,Sakib Hossain,https://play-lh.googleusercontent.com/a-/AOh14Gj0c8I42l_SHJNBXURJgzlNXy8SKW_8HiC0SQc7pbs,fu**ing morons! took my 2 years!,1,9,8.116.2,2019-02-08T21:22:38,,
28,gp:AOqpTOFNBwCSH8g4yVU_RPBUbi38vyG16B_rE9GtqqfdPZNz8SXIkLIagKv8jN9VRhBElPFU60oiEHigCBkM,LoneLy MaaKKan,https://play-lh.googleusercontent.com/a-/AOh14GimhDgIASfeZRccL1dEJ9B_FEdEofDydiiX-ReJ7w,i think this is not agame... this is a real experience of attack...,1,0,,2019-05-24T05:24:02,,
29,gp:AOqpTOESPl65SlWb9xI028BBZtedKVHE15i-nVRoQ7NTNreXmO7eqmjSQTwoJOeM_hHnysU2T_i2eow4rtsu,hayman Culango,https://play-lh.googleusercontent.com/a-/AOh14GixXs4aoN8EB13ZEDq-bdIek2H2kR03js-JjD65Hg,In the IOS it can't open any more,1,0,,2015-12-14T09:14:46,,
30,gp:AOqpTOEV-Ezr3ZdkhmMh-XGw4UH-YV6f7RyGqfcDkmNxtqnfh4Vtj8ojyqKoGONZD4Ngg-aARqHi7Kx7RZzC,deepak bhange,https://play-lh.googleusercontent.com/a/AATXAJy2Ec7kpXZK6giZR7BPvYaRWPgnepuAzP-y01f2=mo,Some upgrade take 9 days when to play if upgrade takes forever,1,0,,2017-08-24T01:06:14,,
31,gp:AOqpTOHkhhX13iGeewFPljHUTC1Q_9S0Qzb5DEsSeZECoZWGcIgu1Psbh9RXC51Mgez19jC2LfZluPWoBydF,Snehasish Kayal,https://play-lh.googleusercontent.com/a/AATXAJwC-R7Jym9YzdIrMO_aW092mBi3oC4kpVzD8hQw=mo,OpðŸ‘ŒðŸ‘ŒðŸ‘ŒðŸ‘Œ,1,0,,2020-11-15T11:17:53,,
32,gp:AOqpTOHYEaJvArvhn0yr2Wvxjd4I8e2vNu9L-1H223ke9CRr6DXN2n3AsIp0bJ9YtNM8i-d2R_7MJzTjiS1B,DALI DHANANJAY,https://play-lh.googleusercontent.com/a-/AOh14GiQvf_b-gerctUOcuqHPE-Vq2cJlH8_4TLZwR-U-g,boring game it is not the only thing that you are looking,1,0,9.105.9,2020-08-19T02:01:41,,
33,gp:AOqpTOF1ffsitkJnSBU3foOUeL0X4kcCIJJOeqQaMxLFaH3PoQYFODpJGyCAYp-iSwGc17TGo7kBoeDopYBg,Rizvi rather,https://play-lh.googleusercontent.com/a-/AOh14GjVX6DbpgQIk-kkngPNDyUpA7_kEUpsZYbk5gAe,Nice,1,0,,2020-12-07T00:48:54,,
34,gp:AOqpTOELmAIttxkFkzmTkfyAlbsGYQAh_QJm3CZwKrSL7kFLW2Z1tTRmCLDLPVFAbOsRSDNZNX7dA1dJWb19,bull lock,https://play-lh.googleusercontent.com/a/AATXAJwjJyDzdIWYxjEjpBU_YJPzz2a7uY1C7_85mEk=mo,"This new update is absolute trash, it makes the game almost unplayable for me. You can keep the th11 and spell donation, which people have been asking for, but take out the garbage new raiding system and shield crap. PS bring back farming",1,0,8.67.8,2015-12-30T13:33:14,,
35,gp:AOqpTOG7BYXhgvMPGJarUzF72RmdirLuOe9shJ_gxhjvwwYupcerF11oY3CaLSaG8CGpPZ54sF1_jkIhDJ87,A Google user,https://play-lh.googleusercontent.com/EGemoI2NTXmTsBVtJqk8jxF9rh8ApRWfsIMQSt2uE4OcpQqbFu7f7NbTK05lx80nuSijCz7sc3a277R67g,super,1,0,,2019-03-16T12:07:56,,
36,gp:AOqpTOEv4tKci8U5WC7-mKsJCakuOZ37_qfWhtrpVTRWqB3ycWUIiNUQm5OSlISxN1njdFBW7dkZM2ncH3MB,A Google user,https://play-lh.googleusercontent.com/EGemoI2NTXmTsBVtJqk8jxF9rh8ApRWfsIMQSt2uE4OcpQqbFu7f7NbTK05lx80nuSijCz7sc3a277R67g,Coc,1,0,10.322.27,2018-10-23T08:59:55,,
37,gp:AOqpTOFsjveOrGyXVuqD5OOm_gldJkyNecKKwXDsq9VPgl3loERHhfuAYapYiPBRmrmGtFRR_r-uhVmezPEj,A Google user,https://play-lh.googleusercontent.com/EGemoI2NTXmTsBVtJqk8jxF9rh8ApRWfsIMQSt2uE4OcpQqbFu7f7NbTK05lx80nuSijCz7sc3a277R67g,Trash,1,0,,2018-10-11T13:10:26,,
38,gp:AOqpTOF1BIAbS8-gq0KyWe1Nr8_VKjcfnqqX9ngiVau1h-SGBho_ZffOz4FYoLGGkJBrfGE4zy3x_39KTohR,Lord Retardo,https://play-lh.googleusercontent.com/a-/AOh14GiulpzSXJuOivNrOV0gjmdG423_YSw22JcpDdxzOQ,Empire four kingdom is so much better try it,1,0,,2015-07-08T10:49:40,,
39,gp:AOqpTOHY7phHnHjDT8EokWeSL8MFwx_0WCGIFUXQq101bUnZPesRsVzEXOeLVT-cWkXomMv6Ids7GjHY2qiU,jianpou legend,https://play-lh.googleusercontent.com/a-/AOh14GiK7L1mRIUUvfPOdrRQDXWmvwkUlY9CDLMMwbMiNQ,Not bad,1,0,11.866.17,2019-12-09T07:05:17,,
40,gp:AOqpTOESaZJ6MgYoY1snfPQ7eG3HM12Gx5cOGQMNaXNmvdOXgqSYaoq4VhadLyaN0FsdZS31ItbPuNwGvVlp,A Google user,https://play-lh.googleusercontent.com/EGemoI2NTXmTsBVtJqk8jxF9rh8ApRWfsIMQSt2uE4OcpQqbFu7f7NbTK05lx80nuSijCz7sc3a277R67g,So cheap,1,0,,2017-04-12T10:20:34,,
41,gp:AOqpTOFXznWTj4J3Sqn5FaVkcP-Y4Juye_isZiOyPQ6IX67xPnOEYlwANZFeIIFrfABqCnkIMRwLvULlwqnN,72 Balasivaguru,https://play-lh.googleusercontent.com/a/AATXAJxGKUCVJQNnwIqP8egNsMLxxhoDERxgMT0n2_Hf=mo,Banned me fr no reason,1,0,,2016-09-13T10:13:48,,
42,gp:AOqpTOGqCLWBnCacRGrXYc40lURseqQMn4PcXHlGNayNR00Zd0dYVdPz00flqfKnY-quEAcLzC29KKdIxU43,YOUNG ENTREPRENEUR,https://play-lh.googleusercontent.com/a-/AOh14GgOUeaM4As79tL3BZPQ_5BFI4dqinIourN03lXshg,Gdry,1,0,8.332.16,2016-10-13T03:03:26,,
43,gp:AOqpTOEY5Xan-RVj1JR05ZBpVJnfiXTNKYGNJVN7Ci9GlZIUB5advisHYbsBMibnOyMV_-jE0gMf6qebF33q,FIRST THE END,https://play-lh.googleusercontent.com/a-/AOh14GijOZ95sW-VqhHVV9lfHZ9VxdLQMgiBEQ6qAT8o,Suckest game i ever seen,1,0,,2020-06-21T23:09:57,,
44,gp:AOqpTOEX2BwXiZn2U8Nhgofk1HqVgHlPIn9OSLWeFnfS75D8_kUAlyjEfA6YKkMHpvbx4-sUusJzYsJDnSe9,Kiera Nolasco,https://play-lh.googleusercontent.com/a-/AOh14Gjww_j_lRX7xypwS-mtFIC_yup-Ml-RaHWI9HQN,Can't sign in google acc. Sucks!,1,0,,2015-06-10T22:34:14,,
45,gp:AOqpTOFSBNevIXzeVEIRILPd9mXHpjcHNzgMBVcV5teCrWy5Ea5VJ6uPu235ZMe-0HpWPCcte7gZpc_JJNxe,Tanvir Ferdhous,https://play-lh.googleusercontent.com/a-/AOh14Gi4WH5fpxtH2PgFEdt7PVkgGjqQImStuSr_s7dF2Q,the new update is worst one... please remove it... I faces many problem...,1,0,8.551.24,2017-05-22T13:51:05,,
46,gp:AOqpTOESxVKgCtbYTeaM9SqlNEtV_E_-uNR2ikHj0x9JOH7r5S1URUAzBQg7FNuWlej2SGl_eDntqx_d0wHe,Zachary Bender,https://play-lh.googleusercontent.com/a-/AOh14GhmSn-rmleKOEAuh0Qrbvs-FEZ-EMbUwjqdHE3tpg,mega gay,1,0,11.651.10,2019-07-25T17:13:42,,
47,gp:AOqpTOEQMcJ5gcMXSP4NNr2gAmfgdZQXSchIK60LOZ9et4QLds2eBJUTwxL50I-fm8JlgyQzrfEMlIoISswP,A Google user,https://play-lh.googleusercontent.com/EGemoI2NTXmTsBVtJqk8jxF9rh8ApRWfsIMQSt2uE4OcpQqbFu7f7NbTK05lx80nuSijCz7sc3a277R67g,please hack my game,1,0,,2019-02-15T02:39:08,,
48,gp:AOqpTOErjHM1m86h_21HdtWs4cP7FDsjcy9Ipei6TgFegWSQSMn2YD_lReoMKZOfsjR5_QoscGviSgBX-dXM,A Google user,https://play-lh.googleusercontent.com/EGemoI2NTXmTsBVtJqk8jxF9rh8ApRWfsIMQSt2uE4OcpQqbFu7f7NbTK05lx80nuSijCz7sc3a277R67g,"I can't open my town hall 10, everytime im going to open my acc it always appear a new account.. what should i do to return back my game?",1,1,8.332.16,2016-07-08T23:48:09,,
49,gp:AOqpTOEwSHg1vcYBIXhOskF3XSRUcr9BNGCx5TvKYIXGC8AenI_PcZA3xXBKeTNx93GgIK01J4hw1Sa2_non,Pavan Kalyafdsrhn,https://play-lh.googleusercontent.com/a/AATXAJzXGd3IcbIwjS5P1o7HsAAmElKl7fq74jkTvzcN=mo,Gamer should control attacking not you,1,0,10.322.27,2018-10-23T07:20:49,,
50,gp:AOqpTOFeq33fSetLA7F1TMsYC6myYA10lQGkb_ZIgv4M5R6V8wViCxbZ3lne_Q8orpu-OI5GWQWnayqNOb32,A Google user,https://play-lh.googleusercontent.com/EGemoI2NTXmTsBVtJqk8jxF9rh8ApRWfsIMQSt2uE4OcpQqbFu7f7NbTK05lx80nuSijCz7sc3a277R67g,Is hero in the builder has favorite target..sometimes he surpass many building and looking another to slash and get killed..,1,0,9.434.30,2018-02-16T09:03:57,,
51,gp:AOqpTOHC2A39NUSoe1qWW_Ta5fsjp-j8k74epy1vw4X_8WPuo3npoYGIaeooWqb2fEUAv4_CFxq4LRSW_aMf,Jose Velarde,https://play-lh.googleusercontent.com/a/AATXAJy50c1kZIZU9p3vIMQCdRtWaRYCy7c5N7FZ7BRt=mo,Its cool and fun,1,0,,2016-12-22T16:22:30,,
52,gp:AOqpTOEuf-ip1MKpOShUTMST7LOM3QmPHjGlaWm1lF9Z3WjSUmIVMT0NESLMRjRZUMkehC7RoWnL9BMSjG9y,Sneha Latha,https://play-lh.googleusercontent.com/a-/AOh14Gg5gPUetxBE6ttftM-fybn_Akg5RHbpJQ0LbAg5b34,waste of time,1,0,,2019-02-05T04:56:38,,
53,gp:AOqpTOFNaU4Y0-72CJ2wYp801aiTSkxZwbMZjlEKgDMLo-T8hOrJGly-0wgZ0eMrQj4lpiWlIAT8a11vES1b,Mohammad Alkassem,https://play-lh.googleusercontent.com/a/AATXAJxjpxRPISLt4LmV40T8Gk6V0CgPV3BZzFza6pf6=mo,I need more gems in the obsticals   to rate it 5 stars,1,0,7.156.5,2015-08-03T13:34:28,,
54,gp:AOqpTOGIDodbuBVhQRVaBBLlwckmB0X7IcUJ93sPKHFWVTen3fUudbUMkq8vdwhr5SEIaw8_y0_EmhRUDPCo,Cranberry _yeah,https://play-lh.googleusercontent.com/a/AATXAJwv-QA07GSg-feWTCVJMEJGBa11a626Hfftpmwc=mo,no offense but coc is dead stating facts here,1,0,,2020-04-07T15:46:41,,
55,gp:AOqpTOHIRs_DzuivR-Bc1d-7UN8R_x0Y062sgFYFunfRF7fHlvHI30zcZmej9KW0lnj4HVQxDEZPn-sMjKKR,Prawin Kumar,https://play-lh.googleusercontent.com/a/AATXAJzRgfi595s0ZK--E7NnjH294KMWdbri0POulImk=mo,Not nice taking too much time....,1,0,,2017-05-22T11:51:36,,
56,gp:AOqpTOHe9pm1M9PNMKlG-bpzTbG9rH-V7BaDaSQEE3TxOrgLgqVvm9ovBFlYTNtvs-kKKlFvmZFV633f2v4l,Mohsen Mazhari,https://play-lh.googleusercontent.com/a/AATXAJycFWErXMIt4W9Z-w6cjd_G4AloO4buS8RS2Bdq=mo,ðŸ˜ ðŸ˜ ðŸ˜ ,1,0,8.67.8,2015-12-29T03:48:10,,
57,gp:AOqpTOH3nW2s5qqPibB-GJ_H3rGdatzldHysfl4pd79Mc6cbiao6INgEKwzuNWrJfiG0I9tWRUEEqNtCM4MK,Jason Hog,https://play-lh.googleusercontent.com/a/AATXAJwrAxVSQQK38QJRf5XANaB-3dsVVcusvm3_8Pd6=mo,Shot,1,0,5.172,2017-01-27T02:25:43,,
58,gp:AOqpTOF2hbXg9dyQr79Y_SsoT6M73YiZH6AuiSUFACvk9YjNblm1bOzOs766s2TysbyAptWiurE9-ZCHmnTA,Kieran Weiss,https://play-lh.googleusercontent.com/a-/AOh14GhTDE-lHiv4gl7J5camuTalTXmPw_svbzENHKE4bA,"The games broken, troops need to be fixed",1,0,8.116.11,2016-12-09T11:22:41,,
59,gp:AOqpTOEdroKxsFXMW5VPfdeSJd9YihZ4hNRciKPHk-rShSNVeLMSi751lrU_CtPw51tzV1FBWOf6ggKEHwPJ,Ermalyn Mendiola,https://play-lh.googleusercontent.com/a/AATXAJy6P6q-HuW8Gx0ocCUCs6O4ck6jv3AquB-wtxfW=mo,It's awful game,1,0,13.180.13,2020-04-25T11:31:43,,
60,gp:AOqpTOGo_y0ujxLOp5kZXEHviIc6YJ36AYglZ9k8tH8UraMmhdVVUzFpUNbzFLUYD8E54dyMFHlse1CWP9yi,A Google user,https://play-lh.googleusercontent.com/EGemoI2NTXmTsBVtJqk8jxF9rh8ApRWfsIMQSt2uE4OcpQqbFu7f7NbTK05lx80nuSijCz7sc3a277R67g,In home village troops training time i so much and we need more space in clan 50 is low we need 100 space in clan,1,0,13.0.31,2020-03-30T05:48:58,,
61,gp:AOqpTOHYZdE0K2Lx2y2n6GLa6o46kxM5eOrZxdz8QwLF_a3j2r_jfLPtsPHx1a2ymIM-glFeq9MMmSWuM5kX,Nanako richardson,https://play-lh.googleusercontent.com/a-/AOh14GiKzlaCuzqxPZcX6l2egsreclKshBFTPCmVbk6TDg,"Farming is DEAD!!! Farming was the best part of the game, without that the game isn't really worth playing, when farming was around, I was able to save up for buildings, to save up for upgrades, and all an all I was able to do a lot more than I have been able to do with this HORRIBLE update!!",1,20,8.67.8,2015-12-30T20:04:14,,
62,gp:AOqpTOGIen9iJxdmKoPxErdvSA_1lrYmlXePyTAtj7oG2e3C6GJdcoqqWRDPopSHCNvayc0pjcSXljxlRZNg,Prabhat Kumar Maurya,https://play-lh.googleusercontent.com/a-/AOh14Gg1SO1mHkL41TplvloNeghPYpwacNjnDGkh9v8X3g,Please restore global to this game it is worst without global,1,0,,2020-02-22T06:55:25,,
63,gp:AOqpTOF98qz7TnbqRQd7H-otip4p5KftEN31_dCFgrnAEg3xb1IviMCgWc2g3g8Y6BY1JbxrSiWETlNwg9wp,Ryan Joseph Martin,https://play-lh.googleusercontent.com/a-/AOh14GicoGqS_8p2Ji_3cS1xsdbBdUQzxYr-gi0KtdpHcg,Bakit nawala yung season bank ko nung nagupdate? NapakaBasura niyo naman mag update ampota.,1,0,13.369.9,2020-07-12T00:25:21,,
64,gp:AOqpTOGyWSx3KX4VQoE78GMBpELplSrf5TXHbo_nXMpuvf0iJWNqbq1GX6T2TZA0z5LayxxOxzUtLDu-JudE,krishna,https://play-lh.googleusercontent.com/a-/AOh14GjJqSjuT2o4RHQg0ifTaNeD9tM-Fi4Smwu0T1RY,1 star because if I buy something with 1000 gems and I sell that only 50 gems. This is wrost trade,1,1,13.369.18,2020-10-12T07:32:00,,
65,gp:AOqpTOH6YNKaXZ46R25FzqXeJEaqNpejIMYnZWwZ1zJkztbq9Y6vJ0NjpYi4BP1RB7vNaBcKD3JdD1HXRoAs,iamsunnysingh33,https://play-lh.googleusercontent.com/a-/AOh14GgcFUNhpKA3VoMLkS9qdv_nscUTbPkLRIMCKoVlwA,Time waste ðŸ˜¤,1,0,13.180.16,2020-05-18T23:22:11,,
66,gp:AOqpTOF4hfHc3-LcqwRDKpiXf-3E1OnONa25rsjEgw_U_l7irqQOVgDALqDHXQafL2GTBSxp9f_NqVi_pyzh,Balaji Vijay,https://play-lh.googleusercontent.com/a/AATXAJy-0etrLhueg8j2efhQjQctHflg_RfTCrrUZDDX=mo,Game is slow always,1,1,8.551.24,2019-12-12T05:42:02,,
67,gp:AOqpTOF6jYCFh1YxaPq4T3E01yMNYe8jB9ERYbvqbbFwNWTiV9QPEvnaRL1ojbiU-etHJxksYndW4OjAO0aQ,Hasan Idith,https://play-lh.googleusercontent.com/a-/AOh14GhbBmoVNRKfoyGYcfZdPxtXvh6siwSzFtn99q_7,I am unable to open it.. cn u guyss plzz check it?,1,0,7.200.19,2015-11-19T05:05:05,,
68,gp:AOqpTOEMQ1ZDWe19hwrbykYWP1Mgo_HZou6oBvsUtcuVsvRn-VRHFfCV3dzw0hAGIYBDPgbyNaxv5cqGwW2F,Dinesh Raj,https://play-lh.googleusercontent.com/a/AATXAJzXY5vJKeSqcmXIugp-j8FFUbSLNT5npLTJ_dyO=mo,Nice,1,0,,2016-12-09T09:04:00,,
69,gp:AOqpTOFAtrEqD07312STNdA2cX0k1rkhONTnnpoqaWgU_FJz_YdBNFkBCl1qT8z9dJoYQZqnaDINhQhApfu9,Tyson Deal,https://play-lh.googleusercontent.com/a-/AOh14GhbA62tSz4gUwGblkVqB9RsD0RgZ0H7n2AuhMc4d90,The new update is terrible! Quitting after 2 years!,1,0,8.67.3,2015-12-17T08:46:01,,
70,gp:AOqpTOHEVh6ftvE-Q-qYzQ_EfeqjbsW0fd68lpD-lxFXICVSCh_B9h3DPCX0Z1u8KugeDXChDRQxC--H43yA,Spicage Inverse,https://play-lh.googleusercontent.com/a-/AOh14GiijMnn2NPWXC3UD87-HVCNpG9bHNAlzo8-Lk8WqA,Dislike,1,0,,2015-12-15T16:16:07,,
71,gp:AOqpTOHb3Ze1pp9J_kc87ga2PthEIrbCmiOOD7J9MJcoK9cTtp5Q-RDpmmC05dqS7sNPPnjtQGlEKfGSUg8b,Aviral Gupta,https://play-lh.googleusercontent.com/a/AATXAJwMpQ2m-DfFpxhhg6Pi3XcPvvk9sTiqnOH6dHTb=mo,Supercell plz fix one thing in clash of clan when i power off my tab clash of clan is not opening and only black screen is coming so plz fix it fast,1,0,13.369.18,2020-09-12T09:48:12,,
72,gp:AOqpTOFZVAw84vOHE4wD-GFbTY1FQn614_4cPJ3ryYS4FHtVFCOgk0EHfUM5R3kODVQwQ9kwVqewpmxUliGm,Raamiz Riaz,https://play-lh.googleusercontent.com/a/AATXAJxXHSxlaMQyKAwHMOTdvBKMEv0lsTO0ERxnc70Y=mo,If I want so I will give 0 star....!! Whenever I update Can' t Install 'CLASH OF CLANS'. Obviously good game but please please solve my problem so I will also give a 5 stars....,1,0,8.332.16,2016-10-14T15:16:51,,
73,gp:AOqpTOFTPOg5pqH05Sx5xnBv5IK6VVykvt1_87nkhmHvB8zziygXlrHJh_ppl6mzDKyXR6WbxPJxoX6QCRZC,Arnel Sornillo,https://play-lh.googleusercontent.com/a/AATXAJzzdBpuvwpamlapkhb3-wjoAFPYiXAkzs0v6wm-=mo,i dont like this new version because is to lag and delay while reconecting to loading screen and WAR CC CANT DONATE TROOPS!!,1,0,8.67.3,2015-12-12T11:34:42,,
74,gp:AOqpTOGBWbZFiIqPrAQomqQ84opUje0PN9MauhHthf6YP5nYDEv8J6l5F0CM6R93N1jV-kIzD6paYazMnlbm,harshit tiwari,https://play-lh.googleusercontent.com/a/AATXAJwMe3NcaODnnuuAG9_xo8kNoSUgeuszDy7-6aez=mo,I find it difficult to regain my supercell id and the help &support feature of this app wont help me find out ..dont knw why are they so helpless ....,1,0,13.0.31,2020-03-29T07:01:36,,
75,gp:AOqpTOGX3x8hyPGiFlseerCTiAMJThiFmBzJFs8Q5cMSNz0uEGMMURmMTnZJBMgFv5g8ZdQQCAHcjzjQgtKt,R HAYNES,https://play-lh.googleusercontent.com/a-/AOh14Gg41UY5Jp9fJMjwugmFZ08zruxQC7Fa59pPVEXdJw,I DO NOT LIKE THE FACT THAT YOU DID N0T CREATE A FLAG T0 REPRESENT THE ISLANDS OF THE 'WEST INDIES'!!!     PLEASE DO SOMETHING To CORRECT THIS & I WILL GLADLY GIVE 5+ STARS...   Please also create a pathway to obtain 'Free' GEMS.,1,0,6.186.3,2014-07-22T01:27:09,,
76,gp:AOqpTOHNclv0l9gG6v1FemT1m6u5uFBpPPsbtKOx6NqZnDVsienQFt3ak3jTjbHkhnhLzwa9YDh32noPWiff,Nilda Cardenas,https://play-lh.googleusercontent.com/a-/AOh14GgxZpTjrs4tGeW1SgnNpQzmHbLl-_a1RmAiqeAsCg,Booooring,1,0,,2015-08-11T12:21:08,,
77,gp:AOqpTOGWqddwV4qzGdw7tQJ6vEw8he-aiMV9TXAOEJsQKRljRPElsmRP2UFnWHGfN9xmX-GmMvQClVj7-are,Vaghel Jayraj,https://play-lh.googleusercontent.com/a/AATXAJz22iKa7qJy8upvn84JLpQEZjULrqUd3jTHRH4v=mo,Good,1,0,,2017-12-22T03:39:27,,
78,gp:AOqpTOGYHs3AftK31SOKPNyB5PaEI48vW4lJnbORib947Xwh2OpYon3yZmaOdDjvyF7un_uW5n1dwgoN9I4c,DEVANSH DEV,https://play-lh.googleusercontent.com/a-/AOh14Gj2PydAF3g_RXdB-WhVXFv4A53m33cCGmp64Mlrig,It is not downloading,1,0,6.186.3,2014-07-31T00:23:31,,
79,gp:AOqpTOGj_sR9_1lpqwItPZM6ZYIvhPhesh8Y_kL_HZvKWouhbX5Uf6NiklwWB1gsrVd1Wf8Qp4WorBOftMAp,Skadhiresan Kadhiresans,https://play-lh.googleusercontent.com/a-/AOh14GiuJZQkw34lwmUVEF1BdV5_vrIUjYkcflWVgCnozg,The game play we adit in game so please uninstall the game,1,0,9.434.14,2018-08-18T09:22:56,,
80,lg:AOqpTOFa4XAk6cWM6ASQNXLZyt8OMwkh4x6H9_piq9iDAG_uZEJOqzZ2109YoUZtR4W3QJP803BOEr9gh3z9,A Google user,https://play-lh.googleusercontent.com/EGemoI2NTXmTsBVtJqk8jxF9rh8ApRWfsIMQSt2uE4OcpQqbFu7f7NbTK05lx80nuSijCz7sc3a277R67g,Please no practice,1,0,7.200.13,2015-09-26T15:54:33,,
81,gp:AOqpTOG1wneG7P1siJPoLWFnW4iw7b1NV5j97en75MB4Jy0QahpFjVdlG-0PMBQg3uujd5LLt8uDCAvQjofe,Prem vikash Bara,https://play-lh.googleusercontent.com/a-/AOh14GietwVHHH8K3_YbIsrll08XtZEzE3nBB4M0XbESrw,This game needs update to run CLASH OF KINGS IS BETTER THAN THIS this game runs without updates,1,0,,2015-09-25T06:12:01,,
82,gp:AOqpTOFZUa4Z_6KYik79u3JClMH1QRBy60npIZUbg-4PTbkIOGmlsfHk8NNtvz0scHNAY9iKpid53kN7dP30,Lars Maneclang,https://play-lh.googleusercontent.com/a-/AOh14GiaSx1t77jbWagsHHxj0TMef4uvvZ6arxj40Msuag,Bobo Miguel,1,0,7.200.19,2018-11-30T06:00:03,,
83,gp:AOqpTOFwZIb9WevDD2Xh1krYPtK0Jw4EnASTo61QyJStHQkxxtB3s_WahdnKLXiMVrBfPNsC8dfz9XGbcgjR,Sandeep Hooda,https://play-lh.googleusercontent.com/a/AATXAJwu7cFOVM40T4hHsKd24cPCXipMb4Y3bJ3UMiv_=mo,Good Hhj,1,0,,2020-06-18T22:26:53,,
84,gp:AOqpTOE9Pj49iQto9z4MidP39sGVvi_52WhC6mzgtZcea04hJSf3LkNSAGpBTC-2wCiAQ92udZ4-ymueuSSS,Brett Perlas,https://play-lh.googleusercontent.com/a-/AOh14GjU1w67XAD8gslOY1fiy9G_5sC9pI8krcZxx1UdNg,Bring back old shield mechanics,1,0,8.67.3,2015-12-14T22:52:34,,
85,gp:AOqpTOEdqbU8Gx3BR2PCSS_6f3NaCOxE2OV0KtQjEAZfYoGQmE-BS0fHiVA1wZ7skQXu7GkxX9Ac-tKAN_Cp,A Google user,https://play-lh.googleusercontent.com/EGemoI2NTXmTsBVtJqk8jxF9rh8ApRWfsIMQSt2uE4OcpQqbFu7f7NbTK05lx80nuSijCz7sc3a277R67g,most bad game,1,0,,2017-01-30T07:30:22,,
86,gp:AOqpTOFHM2PuFGPlSSlE0Ueb0_2S3eSGrDXRJ9fIvQ9LnpAMCncLnNpjm4V8AVvXFZiwcz7dxJMSGK9Zalx3,Gaurav Gupta,https://play-lh.googleusercontent.com/a/AATXAJzxiaLyzYV95unqbzrkfcxxOFPli9_tGAVdjSX8=mo,"Cutiya game,ðŸ˜‚ðŸ˜‚ðŸ˜‚",1,0,13.369.18,2020-09-08T09:40:38,,
87,gp:AOqpTOGCgoxrX0CSlnWkXKNHCE1Bgqf7DD8iBNJB_Bg6QsWfvfOyjAIDtcFrSXdn5nhlHlBT81erKqpCS2_V,A Google user,https://play-lh.googleusercontent.com/EGemoI2NTXmTsBVtJqk8jxF9rh8ApRWfsIMQSt2uE4OcpQqbFu7f7NbTK05lx80nuSijCz7sc3a277R67g,Waste my name is sai tomy,1,0,,2018-08-11T01:31:16,,
88,gp:AOqpTOHs0w6dPGeI36wGkm1bt0FoOp5gvc0JzepbdEuvHXHzxV5du1NEf2Uj5qvFdqIyORc_cekkyBXqjAIZ,Abdul Rehman,https://play-lh.googleusercontent.com/a-/AOh14Gg5X6vcRm9-2L8pGZ5xHWnsWbBOHSOi7maUDhpHGQ,Game is good but alot of wait and audio chat is not available it's a major,1,0,13.576.9,2020-12-07T07:08:41,,
89,gp:AOqpTOGOP4Zf4ncOzost1ikkzAw_M2Pug9veR227d1p5PDm9MF6fKXwybfj1YV0GA_P0M-QVGzZFiCsrrkiO,Yogank pratap Singh. Tiger,https://play-lh.googleusercontent.com/a-/AOh14GiU9MFGUP2YxqFpuH2AfTMkonzsnV0TniCr4XKl,nice game,1,0,,2020-01-26T21:30:16,,
90,gp:AOqpTOGYOlPKYGFzHTEgzK3-LJJEHjwyIPkB2UIaRmW4DuPz1zGuHX8BEDzQ_iZPSVIm1adDw6A_eaanPkzp,Fathoni Ihsan,https://play-lh.googleusercontent.com/a/AATXAJzBCUW27PGpV39RoTj3X_i56vOGWdS7hbwp7jui=mo,No change email feature,1,0,,2015-12-10T12:03:39,,
91,gp:AOqpTOGuKDMAOvuBtrb5k37Td3m9uXkKVip3KxUkCiNlyin9Jws9LZtf_1t8_Mng3yKM7UcCUcBBVZoYydgq,Andy Grand,https://play-lh.googleusercontent.com/a/AATXAJz9uWItVrbiof5qV9qfKp9rR5v3oy3Ahr05jjyF=mo,Nice game!â„¢,1,0,,2015-08-15T02:32:08,,
92,gp:AOqpTOET6qOQ_8izr1sO4nTFSrRDhU1sefW6ucOCUWkkFCbxpwF9dfANE9GP08FE2tiebpq5dBK4_CcijZK-,marin changmai,https://play-lh.googleusercontent.com/a/AATXAJx_Vx06RgzM1FHmalFIaYBfRVZ1bPQPg4ns-_rL2g=mo,Aur kuch din barha do upgade ke liye hum logo oo aur koi kam nahi matlab..itna din wait karne ka ....bhosdik gameðŸ–•,1,0,13.369.18,2020-09-04T07:38:06,,
93,gp:AOqpTOFayiBATDs1yXatQUAGgguT1Saf6HKkL-7UyIu5rtEq16fSTjFwsh3XkBZ4LFJvM3asZE3yuaN4PhGS,gaurav kumar mishra,https://play-lh.googleusercontent.com/a/AATXAJwsTjlfC51W6r-Mj19XR3SUFWLMl9HclvqskLg2=mo,1. Troops upgradtion in laboratory shud b atleasr two troops/spells at the same time.                                         2. Give option to increase builders speed wid gem like elixir n gold collecter.,1,0,7.156.5,2016-03-22T05:47:38,,
94,gp:AOqpTOFaotywdciRBgHchMu1yD7p6li_jcYAtIt_oXr55VYbLGj9P8brXs363BF2v8iW007YdtGvwtUwjQPG,LilSectionEight,https://play-lh.googleusercontent.com/a-/AOh14GgEyXa5szz4Kl_0r39AdvjvrFRwx_HDc6ydAZf--A,I cant farm anymore and get shields i havent been attacked sunce the update,1,0,,2015-12-14T04:21:05,,
95,gp:AOqpTOFVaXxTdaItRN0LiJ1lcfoVv5sfRsUoeuK9bXYusI68OkqABFS45U4HB7TLr1zDHGgTMUoFwIsMokXF,T4Så½¡ Sifat,https://play-lh.googleusercontent.com/a-/AOh14Ggnbv0B3wTYNrYStyOePHmaEhK1Tarbn6JuUBb4,Wow,1,0,,2019-10-06T09:14:36,,
96,gp:AOqpTOGBj4OAOEwflS_ZzhoHl_Z2BuZcCXo0T-78BL6-PbV9ocsQox6JCFsp-1vywzHAb5SQ-GcS2csJnrHW,Sohail Khan,https://play-lh.googleusercontent.com/a-/AOh14GhYul5sdFkQKwPcd8VEcI5LJNO23gf0B_4SVrnZ,my best choice,1,0,11.651.10,2019-08-11T01:28:57,,
97,gp:AOqpTOHGVyiUdptMM0jol_OU5c4fLGfXxPTEg6J-IPMGtjN2xTRc2-GzyV_FMcWAkQ189qEHx-f0flk8Xp0u,Sohom Dey,https://play-lh.googleusercontent.com/a/AATXAJxsEqiPnMbFH_EKy-HPTYjmnFTDiYd8K4aT-x0M=mo,Qwwwqq,1,0,,2016-04-23T12:09:42,,
98,gp:AOqpTOGC5hVUlOdqjTGGCfrONeZiuY0aDAC1MZ24mgXsmQjdOAnMo694xpN41F2-s6--Mxje5A5jYMQcPHw7,Saif Alharmoodi,https://play-lh.googleusercontent.com/a-/AOh14GiJm__gdlDR-xjnuCqj7bNGW10-Kbil1FHu7-b69A,very bad update we i hate coc,1,0,8.67.3,2015-12-11T12:20:03,,
99,gp:AOqpTOGxp3tUhp633Ie_zA49yBO_ZTadT2-XLFEK1dZJTmcDst1vA-euOEwcd40mDaM01ryQKYRLtrrELfDp,A Google user,https://play-lh.googleusercontent.com/EGemoI2NTXmTsBVtJqk8jxF9rh8ApRWfsIMQSt2uE4OcpQqbFu7f7NbTK05lx80nuSijCz7sc3a277R67g,I hate this game,1,0,11.49.9,2018-11-07T18:13:01,,
